{
  "name": "Monokai Pro",
  "dark": true,
  "author": "Subtheme",
  "editorScheme": "/schemes/default.xml",
  "ui": {
    "*": {
      "acceleratorSelectionForeground": "#ffd866",
      "background": "#2d2a2e",
      "borderColor": "#363337",
      "disabledBackground": "#221f22",
      "disabledForeground": "#5b595c",
      "disabledText": "#5b595c",
      "focusColor": "#5b595c",
      "focusedBorderColor": "#ffd866",
      "foreground": "#fcfcfa",
      "inactiveBackground": "#221f22",
      "inactiveForeground": "#939293",
      "infoForeground": "#939293",
      "selectionBackground": "#403e41",
      "selectionBackgroundInactive": "#403e41",
      "selectionForeground": "#ffd866",
      "selectionInactiveBackground": "#403e41",
      "selectionInactiveForeground": "#ffd866",
      "separatorColor": "#2d2a2e"
    },
    "ActionButton": {
      "hoverBackground": "#363337",
      "hoverBorderColor": "#363337",
      "pressedBackground": "#363337",
      "pressedBorderColor": "#363337"
    },
    "Borders": {
      "ContrastBorderColor": "#363337",
      "color": "#363337"
    },
    "Button": {
      "arc": 0,
      "background": "#403e41",
      "default": {
        "endBackground": "#403e41",
        "endBorderColor": "#403e41",
        "foreground": "#ffd866",
        "focusColor": "#ffd866",
        "focusedBorderColor": "#403e41",
        "shadowColor": "#403e41",
        "startBackground": "#403e41",
        "startBorderColor": "#403e41"
      },
      "disabledBorderColor": "#403e41",
      "disabledText": "#5b595c",
      "endBackground": "#403e41",
      "endBorderColor": "#403e41",
      "focusedBorderColor": "#403e41",
      "foreground": "#fcfcfa",
      "shadowColor": "#403e41",
      "shadowWidth": 0,
      "startBackground": "#403e41",
      "startBorderColor": "#403e41"
    },
    "CheckBox": {
      "background": "#2d2a2e",
      "disabledText": "#5b595c",
      "foreground": "#fcfcfa",
      "select": "#ffd866"
    },
    "CheckBoxMenuItem": {
      "acceleratorForeground": "#939293",
      "acceleratorSelectionForeground": "#939293",
      "background": "#2d2a2e",
      "disabledBackground": "#2d2a2e",
      "disabledForeground": "#5b595c",
      "foreground": "#fcfcfa",
      "selectionBackground": "#403e41",
      "selectionForeground": "#ffd866"
    },
    "ColorChooser": {
      "background": "#2d2a2e",
      "foreground": "#fcfcfa",
      "swatchesDefaultRecentColor": "#fcfcfa"
    },
    "ComboBoxButton": {
      "background": "#363337"
    },
    "ComboBox": {
      "ArrowButton": {
        "background": "#403e41",
        "disabledIconColor": "#5b595c",
        "iconColor": "#fcfcfa",
        "nonEditableBackground": "#2d2a2e"
      },
      "background": "#363337",
      "disabledBackground": "#221f22",
      "disabledForeground": "#5b595c",
      "foreground": "#fcfcfa",
      "modifiedItemForeground": "#ffd866",
      "nonEditableBackground": "#363337",
      "selectionBackground": "#2d2a2e",
      "selectionForeground": "#ffd866"
    },
    "ComboPopup": {
      "border": "#2d2a2e"
    },
    "CompletionPopup": {
      "foreground": "#fcfcfa",
      "matchForeground": "#ffd866",
      "selectionInactiveBackground": "#2d2a2e",
      "selectionBackground": "#2d2a2e"
    },
    "Component": {
      "arc": 4,
      "borderColor": "#363337",
      "disabledBorderColor": "#363337",
      "focusColor": "#ffd866",
      "focusedBorderColor": "#ffd866",
      "hoverIconColor": "#ffd866",
      "infoForeground": "#939293",
      "iconColor": "#fcfcfa"
    },
    "Counter": {
      "background": "#ffd866",
      "foreground": "#19181a"
    },
    "Debugger": {
      "Variables": {
        "collectingDataForeground": "#939293",
        "changedValueForeground": "#ffd866",
        "errorMessageForeground": "#ff6188",
        "evaluatingExpressionForeground": "#939293",
        "exceptionForeground": "#78dce8",
        "modifyingValueForeground": "#ffd866",
        "valueForeground": "#ffd866"
      }
    },
    "DebuggerTabs": {
      "underlinedTabBackground": "#5b595c"
    },
    "DebuggerPopup": {
      "borderColor": "#5b595c"
    },
    "DefaultTabs": {
      "background": "#2d2a2e",
      "borderColor": "#2d2a2e",
      "hoverBackground": "#363337",
      "inactiveUnderlineColor": "#ffd866",
      "underlineColor": "#ffd866",
      "underlinedTabBackground": "#2d2a2e",
      "underlineHeight": 2
    },
    "DragAndDrop": {
      "areaBackground": "#2d2a2e",
      "areaBorderColor": "#2d2a2e",
      "areaForeground": "#fcfcfa"
    },
    "Editor": {
      "background": "#221f22",
      "foreground": "#fcfcfa",
      "shortcutForeground": "#939293"
    },
    "EditorPane": {
      "background": "#221f22",
      "caretForeground": "#ffd866",
      "foreground": "#fcfcfa",
      "inactiveBackground": "#2d2a2e",
      "inactiveForeground": "#5b595c",
      "selectionBackground": "#403e41",
      "selectionForeground": "#ffd866"
    },
    "EditorTabs": {
      "borderColor": "#363337",
      "inactiveUnderlineColor": "#ffd866",
      "underlineColor": "#ffd866",
      "underlinedTabBackground": "#363337",
      "underlinedTabForeground": "#c1c0c0"
    },
    "FileColor": {
      "Yellow": "00000000"
    },
    "FormattedTextField": {
      "background": "#363337",
      "caretForeground": "#ffd866",
      "foreground": "#fcfcfa",
      "inactiveBackground": "#403e41",
      "inactiveForeground": "#5b595c",
      "selectionForeground": "#ffd866",
      "selectionBackground": "#403e41"
    },
    "Group": {
      "disabledSeparatorColor": "#2d2a2e",
      "separatorColor": "#2d2a2e"
    },
    "GutterTooltip": {
      "infoForeground": "#fcfcfa",
      "lineSeparatorColor": "#2d2a2e"
    },
    "HelpTooltip": {
      "borderColor": "#2d2a2e",
      "infoForeground": "#939293"
    },
    "InformationHint": {
      "borderColor": "#2d2a2e"
    },
    "InplaceRefactoringPopup": {
      "borderColor": "#2d2a2e"
    },
    "Label": {
      "background": "#2d2a2e",
      "disabledForeground": "#5b595c",
      "disabledText": "#5b595c",
      "foreground": "#939293",
      "infoForeground": "#939293",
      "selectedForeground": "#ffd866"
    },
    "Link": {
      "activeForeground": "#ffd866",
      "hoverForeground": "#ffd866",
      "pressedForeground": "#ffd866",
      "secondaryForeground": "#939293",
      "visitedForeground": "#ffd866"
    },
    "List": {
      "background": "#221f22",
      "foreground": "#fcfcfa",
      "selectionBackground": "#363337",
      "selectionForeground": "#ffd866",
      "selectionInactiveBackground": "#363337",
      "selectionInactiveForeground": "#ffd866"
    },
    "MemoryIndicator": {
      "allocatedBackground": "#403e41",
      "usedBackground": "#5b595c"
    },
    "Menu": {
      "acceleratorForeground": "#939293",
      "acceleratorSelectionForeground": "#fcfcfa",
      "background": "#2d2a2e",
      "borderColor": "#363337",
      "disabledBackground": "#403e41",
      "disabledForeground": "#5b595c",
      "foreground": "#fcfcfa",
      "separatorColor": "#2d2a2e",
      "selectionForeground": "#ffd866"
    },
    "MenuBar": {
      "borderColor": "#363337",
      "disabledBackground": "#2d2a2e",
      "disabledForeground": "#5b595c",
      "foreground": "#fcfcfa",
      "highlight": "#2d2a2e",
      "selectionBackground": "#403e41",
      "selectionForeground": "#ffd866",
      "shadow": "#221f22"
    },
    "MenuItem": {
      "acceleratorForeground": "#939293",
      "background": "#2d2a2e",
      "disabledBackground": "#2d2a2e",
      "disabledForeground": "#5b595c",
      "foreground": "#fcfcfa",
      "selectionBackground": "#403e41",
      "selectionForeground": "#ffd866"
    },
    "NavBar": {
      "borderColor": "#363337"
    },
    "Notification": {
      "background": "#363337",
      "borderColor": "#221f22",
      "errorBackground": "#221f22",
      "errorBorderColor": "#221f22",
      "foreground": "#fcfcfa",
      "MoreButton": {
        "background": "#403e41",
        "foreground": "#fcfcfa",
        "innerBorderColor": "#363337"
      },
      "ToolWindow": {
        "errorBackground": "#363337",
        "errorBorderColor": "#363337",
        "informativeBackground": "#363337",
        "informativeBorderColor": "#363337",
        "warningBackground": "#363337",
        "warningBorderColor": "#363337"
      }
    },
    "OptionPane": {
      "background": "#2d2a2e",
      "foreground": "#fcfcfa",
      "messageForeground": "#fcfcfa"
    },
    "Panel": {
      "background": "#2d2a2e",
      "foreground": "#939293"
    },
    "ParameterInfo": {
      "background": "#403e41",
      "borderColor": "#363337",
      "currentOverloadBackground": "#403e41",
      "currentParameterForeground": "#ffd866",
      "disabledForeground": "#5b595c",
      "foreground": "#fcfcfa",
      "infoForeground": "#939293",
      "lineSeparatorColor": "#363337"
    },
    "PasswordField": {
      "background": "#403e41",
      "capsLockIconColor": "#ffd866",
      "caretForeground": "#ffd866",
      "foreground": "#fcfcfa",
      "inactiveForeground": "#5b595c",
      "selectionBackground": "#5b595c",
      "selectionForeground": "#ffd866"
    },
    "Plugins": {
      "background": "#2d2a2e",
      "disabledForeground": "#939293",
      "eapTagBackground": "#5b595c",
      "lightSelectionBackground": "#363337",
      "hoverBackground": "#363337",
      "tagForeground": "#ffd866",
      "tagBackground": "#5b595c",
      "Button": {
        "installBackground": "#221f22",
        "installBorderColor": "#221f22",
        "installForeground": "#fcfcfa",
        "installFocusedBackground": "#221f22",
        "installFillForeground": "#939293",
        "installFillBackground": "#221f22",
        "updateBackground": "#221f22",
        "updateBorderColor": "#221f22",
        "updateForeground": "#fcfcfa"
      },
      "SearchField": {
        "background": "#363337",
        "borderColor": "#363337"
      },
      "SectionHeader": {
        "background": "#2d2a2e",
        "foreground": "#939293"
      },
      "Tab": {
        "hoverBackground": "#363337",
        "selectedForeground": "#fcfcfa",
        "selectedBackground": "#363337"
      }
    },
    "Popup": {
      "Advertiser": {
        "background": "#2d2a2e",
        "borderColor": "#2d2a2e",
        "foreground": "#ffd866"
      },
      "borderColor": "#221f22",
      "inactiveBorderColor": "#2d2a2e",
      "innerBorderColor": "#2d2a2e",
      "Header": {
        "activeBackground": "#2d2a2e",
        "inactiveBackground": "#221f22"
      },
      "paintBorder": true,
      "separatorForeground": "#fcfcfa",
      "separatorColor": "#2d2a2e",
      "Toolbar": {
        "background": "#221f22",
        "borderColor": "#363337"
      }
    },
    "PopupMenu": {
      "background": "#2d2a2e",
      "foreground": "#fcfcfa",
      "translucentBackground": "#2d2a2e",
      "selectionBackground": "#403e41"
    },
    "PopupMenuSeparator": {
      "height": 10,
      "stripeIndent": 5
    },
    "ProgressBar": {
      "background": "#2d2a2e",
      "foreground": "#ffd866",
      "indeterminateEndColor": "#ffd866",
      "indeterminateStartColor": "#ffd866",
      "progressColor": "#ffd866",
      "selectionBackground": "#5b595c",
      "trackColor": "#5b595c"
    },
    "RadioButton": {
      "background": "#2d2a2e",
      "disabledText": "#5b595c",
      "foreground": "#fcfcfa"
    },
    "RadioButtonMenuItem": {
      "acceleratorForeground": "#939293",
      "acceleratorSelectionForeground": "#939293",
      "background": "#2d2a2e",
      "disabledBackground": "#2d2a2e",
      "disabledForeground": "#5b595c",
      "foreground": "#fcfcfa",
      "selectionBackground": "#403e41",
      "selectionForeground": "#ffd866"
    },
    "SearchEverywhere": {
      "Advertiser": {
        "background": "#221f22",
        "foreground": "#939293"
      },
      "Header": {
        "background": "#2d2a2e"
      },
      "List": {
        "separatorColor": "#2d2a2e",
        "separatorForeground": "#939293"
      },
      "SearchField": {
        "background": "#2d2a2e",
        "borderColor": "#221f22",
        "infoForeground": "#939293"
      },
      "Tab": {
        "selectedForeground": "#ffd866",
        "selectedBackground": "#5b595c"
      }
    },
    "SearchMatch": {
      "endBackground": "#ffd866",
      "startBackground": "#ffd866"
    },
    "Separator": {
      "separatorColor": "#363337"
    },
    "SidePanel": {
      "background": "#221f22"
    },
    "Slider": {
      "background": "#2d2a2e",
      "buttonBorderColor": "#ffd866",
      "buttonColor": "#ffd866",
      "foreground": "#fcfcfa",
      "tickColor": "#403e41",
      "trackColor": "#403e41"
    },
    "SpeedSearch": {
      "background": "#5b595c",
      "borderColor": "#2d2a2e",
      "errorForeground": "#fcfcfa",
      "foreground": "#fcfcfa"
    },
    "Spinner": {
      "background": "#2d2a2e"
    },
    "SplitPane": {
      "background": "#2d2a2e",
      "highlight": "#221f22"
    },
    "SplitPaneDivider": {
      "draggingColor": "#403e41"
    },
    "StatusBar": {
      "borderColor": "#363337",
      "hoverBackground": "#363337"
    },
    "TabbedPane": {
      "background": "#2d2a2e",
      "contentAreaColor": "#5b595c",
      "disabledForeground": "#5b595c",
      "disabledUnderlineColor": "#5b595c",
      "focus": "#403e41",
      "focusColor": "#403e41",
      "foreground": "#fcfcfa",
      "hoverColor": "#363337",
      "tabSelectionHeight": 2,
      "underlineColor": "#ffd866"
    },
    "Table": {
      "background": "#221f22",
      "dropLineColor": "#ffd866",
      "dropLineShortColor": "#ffd866",
      "focusCellBackground": "#221f22",
      "focusCellForeground": "#ffd866",
      "foreground": "#fcfcfa",
      "gridColor": "#221f22",
      "lightSelectionForeground": "#ffd866",
      "lightSelectionInactiveForeground": "#fcfcfa",
      "lightSelectionInactiveBackground": "#363337",
      "selectionBackground": "#363337",
      "selectionForeground": "#ffd866",
      "selectionInactiveBackground": "#363337",
      "selectionInactiveForeground": "#fcfcfa",
      "sortIconColor": "#fcfcfa",
      "stripeColor": "#221f22"
    },
    "TableHeader": {
      "background": "#2d2a2e",
      "bottomSeparatorColor": "#363337",
      "cellBorder": "4,0,4,0",
      "foreground": "#fcfcfa",
      "focusCellBackground": "#403e41",
      "separatorColor": "#363337"
    },
    "textText": "#939293",
    "TextArea": {
      "background": "#363337",
      "caretForeground": "#ffd866",
      "foreground": "#fcfcfa",
      "inactiveForeground": "#5b595c",
      "selectionBackground": "#5b595c",
      "selectionForeground": "#ffd866"
    },
    "TextField": {
      "background": "#363337",
      "caretForeground": "#ffd866",
      "foreground": "#fcfcfa",
      "inactiveForeground": "#5b595c",
      "selectionBackground": "#5b595c",
      "selectionForeground": "#ffd866"
    },
    "TextPane": {
      "background": "#363337",
      "caretForeground": "#ffd866",
      "foreground": "#fcfcfa",
      "inactiveForeground": "#5b595c",
      "selectionBackground": "#5b595c",
      "selectionForeground": "#ffd866"
    },
    "TitlePane": {
      "background": "#221f22",
      "Button.hoverBackground": "#5b595c",
      "inactiveBackground": "#2d2a2e",
      "infoForeground": "#939293",
      "inactiveInfoForeground": "#939293"
    },
    "TitledBorder": {
      "titleColor": "#2d2a2e"
    },
    "ToggleButton": {
      "borderColor": "#403e41",
      "buttonColor": "#fcfcfa",
      "disabledText": "#5b595c",
      "foreground": "#939293",
      "offForeground": "#2d2a2e",
      "offBackground": "#2d2a2e",
      "onBackground": "#ffd866",
      "onForeground": "#ffd866"
    },
    "ToolBar": {
      "background": "#221f22",
      "borderHandleColor": "#939293",
      "floatingForeground": "#939293",
      "foreground": "#fcfcfa"
    },
    "ToolTip": {
      "Actions": {
        "background": "#2d2a2e",
        "infoForeground": "#939293"
      },
      "background": "#2d2a2e",
      "borderColor": "#5b595c",
      "foreground": "#fcfcfa",
      "infoForeground": "#939293",
      "shortcutForeground": "#939293"
    },
    "ToolWindow": {
      "Button": {
        "hoverBackground": "#363337",
        "selectedForeground": "#ffd866",
        "selectedBackground": "#363337"
      },
      "Header": {
        "background": "#2d2a2e",
        "borderColor": "#363337",
        "inactiveBackground": "#2d2a2e"
      },
      "HeaderCloseButton": {
        "background": "#2d2a2e"
      },
      "HeaderTab": {
        "hoverBackground": "#363337",
        "hoverInactiveBackground": "#363337",
        "inactiveUnderlineColor": "#ffd866",
        "selectedInactiveBackground": "#2d2a2e",
        "underlineColor": "#ffd866",
        "underlinedTabBackground": "#363337",
        "underlinedTabInactiveBackground": "#363337"
      }
    },
    "Tree": {
      "background": "#221f22",
      "foreground": "#939293",
      "hash": "#2d2a2e",
      "modifiedItemForeground": "#ffd866",
      "rowHeight": 22,
      "selectionBackground": "#2d2a2e",
      "selectionForeground": "#ffd866",
      "selectionInactiveBackground": "#2d2a2e"
    },
    "UiDesigner": {
      "Panel": {
        "background": "#2d2a2e"
      },
      "Preview": {
        "background": "#2d2a2e"
      }
    },
    "ValidationTooltip": {
      "errorBackground": "#363337",
      "errorBorderColor": "#363337",
      "warningBackground": "#363337",
      "warningBorderColor": "#363337"
    },
    "VersionControl": {
      "FileHistory": {
        "Commit": {
          "selectedBranchBackground": "#2d2a2e"
        }
      },
      "GitLog": {
        "localBranchIconColor": "#ffd866",
        "otherIconColor": "#939293",
        "remoteBranchIconColor": "#fcfcfa",
        "tagIconColor": "#939293"
      },
      "HgLog": {
        "branchIconColor": "#ffd866",
        "bookmarkIconColor": "#ffd866",
        "closedBranchIconColor": "#5b595c",
        "localTagIconColor": "#939293",
        "mqTagIconColor": "#939293",
        "tagIconColor": "#939293",
        "tipIconColor": "#939293"
      },
      "Log": {
        "Commit": {
          "unmatchedForeground": "#939293",
          "currentBranchBackground": "#363337"
        }
      },
      "RefLabel": {
        "foreground": "#ffd866",
        "backgroundBase": "#5b595c"
      }
    },
    "Viewport": {
      "background": "#221f22",
      "foreground": "#fcfcfa"
    },
    "WelcomeScreen": {
      "background": "#2d2a2e",
      "borderColor": "#363337",
      "captionBackground": "#221f22",
      "captionForeground": "#fcfcfa",
      "footerBackground": "#221f22",
      "footerForeground": "#fcfcfa",
      "headerBackground": "#2d2a2e",
      "headerForeground": "#fcfcfa",
      "Projects": {
        "background": "#221f22",
        "selectionBackground": "#2d2a2e",
        "selectionInactiveBackground": "#2d2a2e"
      },
      "separatorColor": "#363337"
    },
    "window": "#2d2a2e",
    "Window": {
      "border": "0,0,0,0,#363337"
    },
    "windowBorder": "#363337",
    "windowText": "#939293"
  },
  "icons": {
    "ColorPalette": {
      "Checkbox.Background.Default.Dark": "##403e41",
      "Checkbox.Background.Disabled.Dark": "##221f22",
      "Checkbox.Background.Selected.Dark": "##403e41",
      "Checkbox.Border.Default.Dark": "##403e41",
      "Checkbox.Border.Disabled.Dark": "##221f22",
      "Checkbox.Border.Selected.Dark": "##403e41",
      "Checkbox.Focus.Thin.Default.Dark": "##403e41",
      "Checkbox.Focus.Thin.Selected.Dark": "##221f22",
      "Checkbox.Focus.Wide.Dark": "##403e41",
      "Checkbox.Foreground.Disabled.Dark": "##939293",
      "Checkbox.Foreground.Selected.Dark": "##fcfcfa"
    }
  }
}