{
	"arc-theme.theme.json": {
		"name": "Arc",
		"license": "MIT",
		"licenseFile": "arc-themes.LICENSE.txt",
		"sourceCodeUrl": "https://gitlab.com/zlamalp/arc-theme-idea",
		"sourceCodePath": "blob/master/arc-theme-idea-light/resources/arc-theme.theme.json"
	},
	"arc-theme-orange.theme.json": {
		"name": "Arc - Orange",
		"license": "MIT",
		"licenseFile": "arc-themes.LICENSE.txt",
		"sourceCodeUrl": "https://gitlab.com/zlamalp/arc-theme-idea",
		"sourceCodePath": "blob/master/arc-theme-idea-light/resources/arc-theme-orange.theme.json"
	},
	"arc_theme_dark.theme.json": {
		"name": "Arc Dark",
		"dark": true,
		"license": "MIT",
		"licenseFile": "arc-themes.LICENSE.txt",
		"sourceCodeUrl": "https://gitlab.com/zlamalp/arc-theme-idea",
		"sourceCodePath": "blob/master/arc-theme-idea-dark/resources/arc_theme_dark.theme.json"
	},
	"arc_theme_dark_orange.theme.json": {
		"name": "Arc Dark - Orange",
		"dark": true,
		"license": "MIT",
		"licenseFile": "arc-themes.LICENSE.txt",
		"sourceCodeUrl": "https://gitlab.com/zlamalp/arc-theme-idea",
		"sourceCodePath": "blob/master/arc-theme-idea-dark/resources/arc_theme_dark_orange.theme.json"
	},
	"Carbon.theme.json": {
		"name": "Carbon",
		"dark": true,
		"license": "Apache License 2.0",
		"licenseFile": "arc-themes.LICENSE.txt",
		"sourceCodeUrl": "https://github.com/luisfer0793/theme-carbon",
		"sourceCodePath": "blob/master/resources/matte_carbon_basics.theme.json"
	},
	"Cobalt_2.theme.json": {
		"name": "Cobalt 2",
		"dark": true,
		"license": "MIT",
		"licenseFile": "Cobalt_2.LICENSE.txt",
		"sourceCodeUrl": "https://github.com/ngehlert/cobalt2",
		"sourceCodePath": "blob/master/Cobalt2-UI-Theme/resources/Cobalt_2.theme.json"
	},
	"Cyan.theme.json": {
		"name": "Cyan light",
		"license": "MIT",
		"licenseFile": "Cyan.LICENSE.txt",
		"sourceCodeUrl": "https://github.com/OlyaB/CyanTheme",
		"sourceCodePath": "blob/master/src/Cyan.theme.json"
	},
	"DarkFlatTheme.theme.json": {
		"name": "Dark Flat",
		"dark": true,
		"license": "MIT",
		"licenseFile": "DarkFlatTheme.LICENSE.txt",
		"sourceCodeUrl": "https://github.com/nerzhulart/DarkFlatTheme",
		"sourceCodePath": "blob/master/src/DarkFlatTheme.theme.json"
	},
	"DarkPurple.theme.json": {
		"name": "Dark purple",
		"dark": true,
		"license": "MIT",
		"licenseFile": "DarkPurple.LICENSE.txt",
		"sourceCodeUrl": "https://github.com/OlyaB/DarkPurpleTheme",
		"sourceCodePath": "blob/master/src/DarkPurple.theme.json"
	},
	"Dracula.theme.json": {
		"name": "Dracula",
		"dark": true,
		"license": "MIT",
		"licenseFile": "Dracula.LICENSE.txt",
		"sourceCodeUrl": "https://github.com/dracula/jetbrains",
		"sourceCodePath": "blob/master/src/main/resources/themes/Dracula.theme.json"
	},
	"Gradianto_dark_fuchsia.theme.json": {
		"name": "Gradianto Dark Fuchsia",
		"dark": true,
		"license": "MIT",
		"licenseFile": "Gradianto.LICENSE.txt",
		"sourceCodeUrl": "https://github.com/thvardhan/Gradianto",
		"sourceCodePath": "blob/master/src/main/resources/Gradianto_dark_fuchsia.theme.json"
	},
	"Gradianto_deep_ocean.theme.json": {
		"name": "Gradianto Deep Ocean",
		"dark": true,
		"license": "MIT",
		"licenseFile": "Gradianto.LICENSE.txt",
		"sourceCodeUrl": "https://github.com/thvardhan/Gradianto",
		"sourceCodePath": "blob/master/src/main/resources/Gradianto_deep_ocean.theme.json"
	},
	"Gradianto_midnight_blue.theme.json": {
		"name": "Gradianto Midnight Blue",
		"dark": true,
		"license": "MIT",
		"licenseFile": "Gradianto.LICENSE.txt",
		"sourceCodeUrl": "https://github.com/thvardhan/Gradianto",
		"sourceCodePath": "blob/master/src/main/resources/Gradianto_midnight_blue.theme.json"
	},
	"Gradianto_Nature_Green.theme.json": {
		"name": "Gradianto Nature Green",
		"dark": true,
		"license": "MIT",
		"licenseFile": "Gradianto.LICENSE.txt",
		"sourceCodeUrl": "https://github.com/thvardhan/Gradianto",
		"sourceCodePath": "blob/master/src/main/resources/Gradianto_Nature_Green.theme.json"
	},
	"Gray.theme.json": {
		"name": "Gray",
		"license": "MIT",
		"licenseFile": "Gray.LICENSE.txt",
		"sourceCodeUrl": "https://github.com/OlyaB/GreyTheme",
		"sourceCodePath": "blob/master/src/Gray.theme.json"
	},
	"gruvbox_dark_hard.theme.json": {
		"name": "Gruvbox Dark Hard",
		"dark": true,
		"license": "MIT",
		"licenseFile": "gruvbox_theme.LICENSE.txt",
		"sourceCodeUrl": "https://github.com/Vincent-P/gruvbox-intellij-theme",
		"sourceCodePath": "blob/master/src/main/resources/gruvbox_dark_hard.theme.json"
	},
	"gruvbox_dark_medium.theme.json": {
		"name": "Gruvbox Dark Medium",
		"dark": true,
		"license": "MIT",
		"licenseFile": "gruvbox_theme.LICENSE.txt",
		"sourceCodeUrl": "https://github.com/Vincent-P/gruvbox-intellij-theme",
		"sourceCodePath": "blob/master/src/main/resources/gruvbox_dark_medium.theme.json"
	},
	"gruvbox_dark_soft.theme.json": {
		"name": "Gruvbox Dark Soft",
		"dark": true,
		"license": "MIT",
		"licenseFile": "gruvbox_theme.LICENSE.txt",
		"sourceCodeUrl": "https://github.com/Vincent-P/gruvbox-intellij-theme",
		"sourceCodePath": "blob/master/src/main/resources/gruvbox_dark_soft.theme.json"
	},
	"HiberbeeDark.theme.json": {
		"name": "Hiberbee Dark",
		"dark": true,
		"license": "MIT",
		"licenseFile": "Hiberbee.LICENSE.txt",
		"sourceCodeUrl": "https://github.com/Hiberbee/code-highlight-themes",
		"sourceCodePath": "blob/latest/src/main/resources/HiberbeeDark.theme.json"
	},
	"HighContrast.theme.json": {
		"name": "High contrast",
		"dark": true,
		"license": "MIT",
		"licenseFile": "HighContrast.LICENSE.txt",
		"sourceCodeUrl": "https://github.com/OlyaB/HighContrastTheme",
		"sourceCodePath": "blob/master/src/HighContrast.theme.json"
	},
	"LightFlatTheme.theme.json": {
		"name": "Light Flat",
		"license": "MIT",
		"licenseFile": "LightFlatTheme.LICENSE.txt",
		"sourceCodeUrl": "https://github.com/nerzhulart/LightFlatTheme",
		"sourceCodePath": "blob/master/src/LightFlatTheme.theme.json"
	},
	"MaterialTheme.theme.json": {
		"name": "Material Design Dark",
		"dark": true,
		"license": "MIT",
		"licenseFile": "MaterialTheme.LICENSE.txt",
		"sourceCodeUrl": "https://github.com/xinkunZ/NotReallyMDTheme",
		"sourceCodePath": "blob/master/src/main/resources/MaterialTheme.theme.json"
	},
	"Monocai.theme.json": {
		"name": "Monocai",
		"dark": true,
		"license": "MIT",
		"licenseFile": "Monocai.LICENSE.txt",
		"sourceCodeUrl": "https://github.com/bmikaili/intellij-monocai-theme",
		"sourceCodePath": "blob/master/resources/Monocai.theme.json"
	},
	"Monokai_Pro.default.theme.json": {
		"name": "Monokai Pro",
		"dark": true,
		"license": "MIT",
		"licenseFile": "Monokai_Pro.LICENSE.txt",
		"sourceCodeUrl": "https://github.com/subtheme-dev/monokai-pro"
	},
	"nord.theme.json": {
		"name": "Nord",
		"dark": true,
		"license": "MIT",
		"licenseFile": "nord.LICENSE.txt",
		"sourceCodeUrl": "https://github.com/arcticicestudio/nord-jetbrains",
		"sourceCodePath": "blob/main/src/nord.theme.json"
	},
	"one_dark.theme.json": {
		"name": "One Dark",
		"dark": true,
		"license": "MIT",
		"licenseFile": "one_dark.LICENSE.txt",
		"sourceCodeUrl": "https://github.com/one-dark/jetbrains-one-dark-theme",
		"sourceCodePath": "blob/master/buildSrc/templates/oneDark.template.theme.json"
	},
	"SolarizedDark.theme.json": {
		"name": "Solarized Dark",
		"dark": true,
		"license": "The Unlicense",
		"licenseFile": "Solarized.LICENSE.txt",
		"sourceCodeUrl": "https://github.com/4lex4/intellij-platform-solarized",
		"sourceCodePath": "blob/master/resources/SolarizedDark.theme.json"
	},
	"SolarizedLight.theme.json": {
		"name": "Solarized Light",
		"license": "The Unlicense",
		"licenseFile": "Solarized.LICENSE.txt",
		"sourceCodeUrl": "https://github.com/4lex4/intellij-platform-solarized",
		"sourceCodePath": "blob/master/resources/SolarizedLight.theme.json"
	},
	"Spacegray.theme.json": {
		"name": "Spacegray",
		"dark": true,
		"license": "MIT",
		"licenseFile": "Spacegray.LICENSE.txt",
		"sourceCodeUrl": "https://github.com/mturlo/intellij-spacegray",
		"sourceCodePath": "blob/master/src/Spacegray.theme.json"
	},
	"vuesion_theme.theme.json": {
		"name": "Vuesion",
		"dark": true,
		"license": "MIT",
		"licenseFile": "vuesion_theme.LICENSE.txt",
		"sourceCodeUrl": "https://github.com/vuesion/intellij-theme",
		"sourceCodePath": "blob/master/resources/META-INF/vuesion_theme.theme.json"
	},
	"Xcode-Dark.theme.json": {
		"name": "Xcode-Dark",
		"dark": true,
		"license": "MIT",
		"licenseFile": "Xcode-Dark.LICENSE.txt",
		"sourceCodeUrl": "https://github.com/antelle/intellij-xcode-dark-theme",
		"sourceCodePath": "blob/master/resources/Xcode-Dark.theme.json"
	},

	"material-theme-ui-lite/Arc Dark.theme.json": {
		"name": "Material Theme UI Lite / Arc Dark",
		"dark": true,
		"license": "MIT",
		"licenseFile": "material-theme-ui-lite/Material Theme UI Lite.LICENSE.txt",
		"sourceCodeUrl": "https://github.com/mallowigi/material-theme-ui-lite",
		"sourceCodePath": "blob/master/src/main/resources/themes/Arc Dark.theme.json"
	},
	"material-theme-ui-lite/Arc Dark Contrast.theme.json": {
		"name": "Material Theme UI Lite / Arc Dark Contrast",
		"dark": true,
		"license": "MIT",
		"licenseFile": "material-theme-ui-lite/Material Theme UI Lite.LICENSE.txt",
		"sourceCodeUrl": "https://github.com/mallowigi/material-theme-ui-lite",
		"sourceCodePath": "blob/master/src/main/resources/themes/Arc Dark Contrast.theme.json"
	},
	"material-theme-ui-lite/Atom One Dark.theme.json": {
		"name": "Material Theme UI Lite / Atom One Dark",
		"dark": true,
		"license": "MIT",
		"licenseFile": "material-theme-ui-lite/Material Theme UI Lite.LICENSE.txt",
		"sourceCodeUrl": "https://github.com/mallowigi/material-theme-ui-lite",
		"sourceCodePath": "blob/master/src/main/resources/themes/Atom One Dark.theme.json"
	},
	"material-theme-ui-lite/Atom One Dark Contrast.theme.json": {
		"name": "Material Theme UI Lite / Atom One Dark Contrast",
		"dark": true,
		"license": "MIT",
		"licenseFile": "material-theme-ui-lite/Material Theme UI Lite.LICENSE.txt",
		"sourceCodeUrl": "https://github.com/mallowigi/material-theme-ui-lite",
		"sourceCodePath": "blob/master/src/main/resources/themes/Atom One Dark Contrast.theme.json"
	},
	"material-theme-ui-lite/Atom One Light.theme.json": {
		"name": "Material Theme UI Lite / Atom One Light",
		"license": "MIT",
		"licenseFile": "material-theme-ui-lite/Material Theme UI Lite.LICENSE.txt",
		"sourceCodeUrl": "https://github.com/mallowigi/material-theme-ui-lite",
		"sourceCodePath": "blob/master/src/main/resources/themes/Atom One Light.theme.json"
	},
	"material-theme-ui-lite/Atom One Light Contrast.theme.json": {
		"name": "Material Theme UI Lite / Atom One Light Contrast",
		"license": "MIT",
		"licenseFile": "material-theme-ui-lite/Material Theme UI Lite.LICENSE.txt",
		"sourceCodeUrl": "https://github.com/mallowigi/material-theme-ui-lite",
		"sourceCodePath": "blob/master/src/main/resources/themes/Atom One Light Contrast.theme.json"
	},
	"material-theme-ui-lite/Dracula.theme.json": {
		"name": "Material Theme UI Lite / Dracula",
		"dark": true,
		"license": "MIT",
		"licenseFile": "material-theme-ui-lite/Material Theme UI Lite.LICENSE.txt",
		"sourceCodeUrl": "https://github.com/mallowigi/material-theme-ui-lite",
		"sourceCodePath": "blob/master/src/main/resources/themes/Dracula.theme.json"
	},
	"material-theme-ui-lite/Dracula Contrast.theme.json": {
		"name": "Material Theme UI Lite / Dracula Contrast",
		"dark": true,
		"license": "MIT",
		"licenseFile": "material-theme-ui-lite/Material Theme UI Lite.LICENSE.txt",
		"sourceCodeUrl": "https://github.com/mallowigi/material-theme-ui-lite",
		"sourceCodePath": "blob/master/src/main/resources/themes/Dracula Contrast.theme.json"
	},
	"material-theme-ui-lite/GitHub.theme.json": {
		"name": "Material Theme UI Lite / GitHub",
		"license": "MIT",
		"licenseFile": "material-theme-ui-lite/Material Theme UI Lite.LICENSE.txt",
		"sourceCodeUrl": "https://github.com/mallowigi/material-theme-ui-lite",
		"sourceCodePath": "blob/master/src/main/resources/themes/GitHub.theme.json"
	},
	"material-theme-ui-lite/GitHub Contrast.theme.json": {
		"name": "Material Theme UI Lite / GitHub Contrast",
		"license": "MIT",
		"licenseFile": "material-theme-ui-lite/Material Theme UI Lite.LICENSE.txt",
		"sourceCodeUrl": "https://github.com/mallowigi/material-theme-ui-lite",
		"sourceCodePath": "blob/master/src/main/resources/themes/GitHub Contrast.theme.json"
	},
	"material-theme-ui-lite/GitHub Dark.theme.json": {
		"name": "Material Theme UI Lite / GitHub Dark",
		"dark": true,
		"license": "MIT",
		"licenseFile": "material-theme-ui-lite/Material Theme UI Lite.LICENSE.txt",
		"sourceCodeUrl": "https://github.com/mallowigi/material-theme-ui-lite",
		"sourceCodePath": "blob/master/src/main/resources/themes/GitHub Dark.theme.json"
	},
	"material-theme-ui-lite/GitHub Dark Contrast.theme.json": {
		"name": "Material Theme UI Lite / GitHub Dark Contrast",
		"dark": true,
		"license": "MIT",
		"licenseFile": "material-theme-ui-lite/Material Theme UI Lite.LICENSE.txt",
		"sourceCodeUrl": "https://github.com/mallowigi/material-theme-ui-lite",
		"sourceCodePath": "blob/master/src/main/resources/themes/GitHub Dark Contrast.theme.json"
	},
	"material-theme-ui-lite/Light Owl.theme.json": {
		"name": "Material Theme UI Lite / Light Owl",
		"license": "MIT",
		"licenseFile": "material-theme-ui-lite/Material Theme UI Lite.LICENSE.txt",
		"sourceCodeUrl": "https://github.com/mallowigi/material-theme-ui-lite",
		"sourceCodePath": "blob/master/src/main/resources/themes/Light Owl.theme.json"
	},
	"material-theme-ui-lite/Light Owl Contrast.theme.json": {
		"name": "Material Theme UI Lite / Light Owl Contrast",
		"license": "MIT",
		"licenseFile": "material-theme-ui-lite/Material Theme UI Lite.LICENSE.txt",
		"sourceCodeUrl": "https://github.com/mallowigi/material-theme-ui-lite",
		"sourceCodePath": "blob/master/src/main/resources/themes/Light Owl Contrast.theme.json"
	},
	"material-theme-ui-lite/Material Darker.theme.json": {
		"name": "Material Theme UI Lite / Material Darker",
		"dark": true,
		"license": "MIT",
		"licenseFile": "material-theme-ui-lite/Material Theme UI Lite.LICENSE.txt",
		"sourceCodeUrl": "https://github.com/mallowigi/material-theme-ui-lite",
		"sourceCodePath": "blob/master/src/main/resources/themes/Material Darker.theme.json"
	},
	"material-theme-ui-lite/Material Darker Contrast.theme.json": {
		"name": "Material Theme UI Lite / Material Darker Contrast",
		"dark": true,
		"license": "MIT",
		"licenseFile": "material-theme-ui-lite/Material Theme UI Lite.LICENSE.txt",
		"sourceCodeUrl": "https://github.com/mallowigi/material-theme-ui-lite",
		"sourceCodePath": "blob/master/src/main/resources/themes/Material Darker Contrast.theme.json"
	},
	"material-theme-ui-lite/Material Deep Ocean.theme.json": {
		"name": "Material Theme UI Lite / Material Deep Ocean",
		"dark": true,
		"license": "MIT",
		"licenseFile": "material-theme-ui-lite/Material Theme UI Lite.LICENSE.txt",
		"sourceCodeUrl": "https://github.com/mallowigi/material-theme-ui-lite",
		"sourceCodePath": "blob/master/src/main/resources/themes/Material Deep Ocean.theme.json"
	},
	"material-theme-ui-lite/Material Deep Ocean Contrast.theme.json": {
		"name": "Material Theme UI Lite / Material Deep Ocean Contrast",
		"dark": true,
		"license": "MIT",
		"licenseFile": "material-theme-ui-lite/Material Theme UI Lite.LICENSE.txt",
		"sourceCodeUrl": "https://github.com/mallowigi/material-theme-ui-lite",
		"sourceCodePath": "blob/master/src/main/resources/themes/Material Deep Ocean Contrast.theme.json"
	},
	"material-theme-ui-lite/Material Lighter.theme.json": {
		"name": "Material Theme UI Lite / Material Lighter",
		"license": "MIT",
		"licenseFile": "material-theme-ui-lite/Material Theme UI Lite.LICENSE.txt",
		"sourceCodeUrl": "https://github.com/mallowigi/material-theme-ui-lite",
		"sourceCodePath": "blob/master/src/main/resources/themes/Material Lighter.theme.json"
	},
	"material-theme-ui-lite/Material Lighter Contrast.theme.json": {
		"name": "Material Theme UI Lite / Material Lighter Contrast",
		"license": "MIT",
		"licenseFile": "material-theme-ui-lite/Material Theme UI Lite.LICENSE.txt",
		"sourceCodeUrl": "https://github.com/mallowigi/material-theme-ui-lite",
		"sourceCodePath": "blob/master/src/main/resources/themes/Material Lighter Contrast.theme.json"
	},
	"material-theme-ui-lite/Material Oceanic.theme.json": {
		"name": "Material Theme UI Lite / Material Oceanic",
		"dark": true,
		"license": "MIT",
		"licenseFile": "material-theme-ui-lite/Material Theme UI Lite.LICENSE.txt",
		"sourceCodeUrl": "https://github.com/mallowigi/material-theme-ui-lite",
		"sourceCodePath": "blob/master/src/main/resources/themes/Material Oceanic.theme.json"
	},
	"material-theme-ui-lite/Material Oceanic Contrast.theme.json": {
		"name": "Material Theme UI Lite / Material Oceanic Contrast",
		"dark": true,
		"license": "MIT",
		"licenseFile": "material-theme-ui-lite/Material Theme UI Lite.LICENSE.txt",
		"sourceCodeUrl": "https://github.com/mallowigi/material-theme-ui-lite",
		"sourceCodePath": "blob/master/src/main/resources/themes/Material Oceanic Contrast.theme.json"
	},
	"material-theme-ui-lite/Material Palenight.theme.json": {
		"name": "Material Theme UI Lite / Material Palenight",
		"dark": true,
		"license": "MIT",
		"licenseFile": "material-theme-ui-lite/Material Theme UI Lite.LICENSE.txt",
		"sourceCodeUrl": "https://github.com/mallowigi/material-theme-ui-lite",
		"sourceCodePath": "blob/master/src/main/resources/themes/Material Palenight.theme.json"
	},
	"material-theme-ui-lite/Material Palenight Contrast.theme.json": {
		"name": "Material Theme UI Lite / Material Palenight Contrast",
		"dark": true,
		"license": "MIT",
		"licenseFile": "material-theme-ui-lite/Material Theme UI Lite.LICENSE.txt",
		"sourceCodeUrl": "https://github.com/mallowigi/material-theme-ui-lite",
		"sourceCodePath": "blob/master/src/main/resources/themes/Material Palenight Contrast.theme.json"
	},
	"material-theme-ui-lite/Monokai Pro.theme.json": {
		"name": "Material Theme UI Lite / Monokai Pro",
		"dark": true,
		"license": "MIT",
		"licenseFile": "material-theme-ui-lite/Material Theme UI Lite.LICENSE.txt",
		"sourceCodeUrl": "https://github.com/mallowigi/material-theme-ui-lite",
		"sourceCodePath": "blob/master/src/main/resources/themes/Monokai Pro.theme.json"
	},
	"material-theme-ui-lite/Monokai Pro Contrast.theme.json": {
		"name": "Material Theme UI Lite / Monokai Pro Contrast",
		"dark": true,
		"license": "MIT",
		"licenseFile": "material-theme-ui-lite/Material Theme UI Lite.LICENSE.txt",
		"sourceCodeUrl": "https://github.com/mallowigi/material-theme-ui-lite",
		"sourceCodePath": "blob/master/src/main/resources/themes/Monokai Pro Contrast.theme.json"
	},
	"material-theme-ui-lite/Moonlight.theme.json": {
		"name": "Material Theme UI Lite / Moonlight",
		"dark": true,
		"license": "MIT",
		"licenseFile": "material-theme-ui-lite/Material Theme UI Lite.LICENSE.txt",
		"sourceCodeUrl": "https://github.com/mallowigi/material-theme-ui-lite",
		"sourceCodePath": "blob/master/src/main/resources/themes/Moonlight.theme.json"
	},
	"material-theme-ui-lite/Moonlight Contrast.theme.json": {
		"name": "Material Theme UI Lite / Moonlight Contrast",
		"dark": true,
		"license": "MIT",
		"licenseFile": "material-theme-ui-lite/Material Theme UI Lite.LICENSE.txt",
		"sourceCodeUrl": "https://github.com/mallowigi/material-theme-ui-lite",
		"sourceCodePath": "blob/master/src/main/resources/themes/Moonlight Contrast.theme.json"
	},
	"material-theme-ui-lite/Night Owl.theme.json": {
		"name": "Material Theme UI Lite / Night Owl",
		"dark": true,
		"license": "MIT",
		"licenseFile": "material-theme-ui-lite/Material Theme UI Lite.LICENSE.txt",
		"sourceCodeUrl": "https://github.com/mallowigi/material-theme-ui-lite",
		"sourceCodePath": "blob/master/src/main/resources/themes/Night Owl.theme.json"
	},
	"material-theme-ui-lite/Night Owl Contrast.theme.json": {
		"name": "Material Theme UI Lite / Night Owl Contrast",
		"dark": true,
		"license": "MIT",
		"licenseFile": "material-theme-ui-lite/Material Theme UI Lite.LICENSE.txt",
		"sourceCodeUrl": "https://github.com/mallowigi/material-theme-ui-lite",
		"sourceCodePath": "blob/master/src/main/resources/themes/Night Owl Contrast.theme.json"
	},
	"material-theme-ui-lite/Solarized Dark.theme.json": {
		"name": "Material Theme UI Lite / Solarized Dark",
		"dark": true,
		"license": "MIT",
		"licenseFile": "material-theme-ui-lite/Material Theme UI Lite.LICENSE.txt",
		"sourceCodeUrl": "https://github.com/mallowigi/material-theme-ui-lite",
		"sourceCodePath": "blob/master/src/main/resources/themes/Solarized Dark.theme.json"
	},
	"material-theme-ui-lite/Solarized Dark Contrast.theme.json": {
		"name": "Material Theme UI Lite / Solarized Dark Contrast",
		"dark": true,
		"license": "MIT",
		"licenseFile": "material-theme-ui-lite/Material Theme UI Lite.LICENSE.txt",
		"sourceCodeUrl": "https://github.com/mallowigi/material-theme-ui-lite",
		"sourceCodePath": "blob/master/src/main/resources/themes/Solarized Dark Contrast.theme.json"
	},
	"material-theme-ui-lite/Solarized Light.theme.json": {
		"name": "Material Theme UI Lite / Solarized Light",
		"license": "MIT",
		"licenseFile": "material-theme-ui-lite/Material Theme UI Lite.LICENSE.txt",
		"sourceCodeUrl": "https://github.com/mallowigi/material-theme-ui-lite",
		"sourceCodePath": "blob/master/src/main/resources/themes/Solarized Light.theme.json"
	},
	"material-theme-ui-lite/Solarized Light Contrast.theme.json": {
		"name": "Material Theme UI Lite / Solarized Light Contrast",
		"license": "MIT",
		"licenseFile": "material-theme-ui-lite/Material Theme UI Lite.LICENSE.txt",
		"sourceCodeUrl": "https://github.com/mallowigi/material-theme-ui-lite",
		"sourceCodePath": "blob/master/src/main/resources/themes/Solarized Light Contrast.theme.json"
	}
}
